{"cameraMode":{"drawMode":0,"name":"Shaded","section":"Shading Mode"},"sceneLighting":false,"audioPlay":false,"sceneViewState":{"showFog":true,"showMaterialUpdate":false,"showSkybox":true,"showFlares":true,"showImageEffects":true,"showParticleSystems":true},"in2DMode":false,"pivot":{"x":1.0014543533325196,"y":8.977214813232422,"z":-16.802579879760743},"rotation":{"x":0.4647544324398041,"y":-0.5328037142753601,"z":0.4639205038547516,"w":0.5337618589401245},"size":53.80323028564453,"orthographic":false}