{"cameraMode":{"drawMode":0,"name":"Shaded","section":"Shading Mode"},"sceneLighting":true,"audioPlay":false,"sceneViewState":{"showFog":true,"showMaterialUpdate":false,"showSkybox":true,"showFlares":true,"showImageEffects":true,"showParticleSystems":true},"in2DMode":false,"pivot":{"x":-26.41727066040039,"y":3.566274642944336,"z":-16.91936683654785},"rotation":{"x":0.49212414026260378,"y":-0.5077254176139832,"z":0.49124065041542055,"w":0.5086380839347839},"size":144.1305389404297,"orthographic":false}