{"cameraMode":{"drawMode":0,"name":"Shaded","section":"Shading Mode"},"sceneLighting":false,"audioPlay":false,"sceneViewState":{"showFog":true,"showMaterialUpdate":false,"showSkybox":true,"showFlares":true,"showImageEffects":true,"showParticleSystems":true},"in2DMode":false,"pivot":{"x":3.0075035095214845,"y":0.6149702072143555,"z":-0.10666155070066452},"rotation":{"x":0.44090643525123598,"y":-0.5582377314567566,"z":0.47585344314575198,"w":0.5172398686408997},"size":8.621546745300293,"orthographic":false}