{"cameraMode":{"drawMode":0,"name":"Shaded","section":"Shading Mode"},"sceneLighting":true,"audioPlay":false,"sceneViewState":{"showFog":true,"showMaterialUpdate":false,"showSkybox":true,"showFlares":true,"showImageEffects":true,"showParticleSystems":true},"in2DMode":false,"pivot":{"x":1.4516637325286866,"y":2.648402214050293,"z":17.94931411743164},"rotation":{"x":0.49212414026260378,"y":-0.5077254176139832,"z":0.49124065041542055,"w":0.5086380839347839},"size":78.86225128173828,"orthographic":false}