{"cameraMode":{"drawMode":0,"name":"Shaded","section":"Shading Mode"},"sceneLighting":false,"audioPlay":false,"sceneViewState":{"showFog":true,"showMaterialUpdate":false,"showSkybox":true,"showFlares":true,"showImageEffects":true,"showParticleSystems":true},"in2DMode":false,"pivot":{"x":5.946132659912109,"y":2.8916282653808595,"z":-5.905791282653809},"rotation":{"x":0.4616539776325226,"y":-0.5356881022453308,"z":0.462220162153244,"w":0.5350512266159058},"size":105.33321380615235,"orthographic":false}