{"cameraMode":{"drawMode":0,"name":"Shaded","section":"Shading Mode"},"sceneLighting":false,"audioPlay":false,"sceneViewState":{"showFog":true,"showMaterialUpdate":false,"showSkybox":true,"showFlares":true,"showImageEffects":true,"showParticleSystems":true},"in2DMode":false,"pivot":{"x":-0.9627997875213623,"y":3.280895233154297,"z":4.006738185882568},"rotation":{"x":0.47443363070487978,"y":-0.5245147347450256,"z":0.47643232345581057,"w":0.5223143696784973},"size":39.21116256713867,"orthographic":false}